"time", "liberal percentage", "conservative percentage", "liberal positive", "liberal negative", "conservative positive", "conservative negative"
"22:19:39", "82.802636", "17.197364", "969033.000000", "-152044.000000", "56397.000000", "-34578.000000"
"22:20:09", "98.170828", "1.829172", "2033711.000000", "-34525.000000", "3751.000000", "-20544.000000"
"22:20:39", "98.415453", "1.584547", "8736222.000000", "-140356.000000", "632.000000", "-20477.000000"
